kisi_adi,mulakat_adi,llm_skoru,avg_duygu_mutlu_%,avg_duygu_kizgin_%,avg_duygu_igrenme_%,avg_duygu_korku_%,avg_duygu_uzgun_%,avg_duygu_saskin_%,avg_duygu_dogal_%,avg_duygu_guven_%,duygu_mutlu_%,duygu_kizgin_%,duygu_igrenme_%,duygu_korku_%,duygu_uzgun_%,duygu_saskin_%,duygu_dogal_%,duygu_guven_%,ekran_disi_sure_sn,ekran_disi_sayisi,avg_ekran_disi_sure_sn,avg_ekran_disi_sayisi,soru,cevap,tip,avg_tip,mbti_tip_str,avg_llm_skoru,pozitif_%,negatif_%,notr_%,stres_seviyesi,motivasyon,iletisim_becerisi,mbti_disdönük_%,mbti_sezgi_%,mbti_hissetme_%,mbti_algilama_%,mbti_guvenilirlik,analiz_tarihi,token_sayisi,maliyet_usd,genel_puan,pozisyon_uygunlugu,guclü_yanlar,gelisim_alanlari,oneri_durumu,detayli_yorum,iletisim_skoru,liderlik_potansiyeli,stres_yonetimi,takım_uyumu,profesyonellik_skoru,kararlılık_seviyesi,duygusal_zeka,pozisyona_uygunluk,uygunluk_aciklamasi
Azra Begüm Aksoy,Test Pozisyonu,61,15,0,0,0,5,0,80,60,15,0,0,0,5,0,80,60,0,0,0,0,Genel Mülakat,"TRANSKRIPT:
00:03 Merhaba. Benim adım Azra Begüm Aksu.
00:07 Doğumum Kırıkkale.
00:09 Aynen 2000 yılında doğdum.
00:11 24 yaşındayım.
00:14 Mezun olduğum bölüm ise
00:16 bilişim teknolojileri okudum.
00:17 Web tasarımcısıyım.
00:19 Şu anda da açık öğretim okuyorum.
00:21 Hani bu 2 yıllık bir üniversite.
00:23 Bankacılık ve sigortacılık üzerine.
00:27 Türkçe dışında bildiğim bir dil yok.
00:29 Hani orta seviyede
00:31 İngilizce biliyorum.
00:33 Satış deneyimlerim tabii ki de var.
00:37 7 yıllık b",1,1,ISFJ,61,50,0,50,15,60,70,40,50,40,60,70,2025-08-26 19:18:59,"{'input': 53648, 'output': 960, 'total': 54608}",0.004312,61,Koşullu Uygun,Genel performans,Sürekli gelişim,Koşullu önerilir,Aday genel olarak 61% başarı skoru göstermiştir. İletişim becerileri analiz sonucunda pozitif bulgular elde edilmiştir. ,70,63,85,58,70,60,61,61,"Adayın genel mülakat performansı, teknik bilgi ve iletişim becerileri, pozisyonun gerektirdiği yetkinliklerle yüksek düzeyde örtüşmektedir. Duygu analizi ve dikkat seviyesi de olumlu bir tablo çizmektedir.

LLM skoru da dikkate alındığında, adayın pozisyona uygunluğu %61 olarak değerlendirilmiştir. Bu değerlendirme, adayın potansiyelini ve gelişim alanlarını göz önünde bulundurarak yapılmıştır."
